"id","game","model","year"
1,"Forza Motorsport","Abarth 124 Spider","2017"
2,"Forza Motorsport","Acura NSX Type S","2022"
3,"Forza Motorsport","Acura #6 ARX-05 DPi","2020"
4,"Forza Motorsport","Acura #36 NSX GT3","2018"
5,"Forza Motorsport","Acura NSX","2017"
6,"Forza Motorsport","Acura Integra Type R","2001"
7,"Forza Motorsport","Alfa Romeo Giulia Quadrifoglio","2017"
8,"Forza Motorsport","Alfa Romeo 4C","2014"
9,"Forza Motorsport","Alfa Romeo Giulietta Quadrifoglio Verde","2011"
10,"Forza Motorsport","Alfa Romeo Giulia Sprint GTA Stradale","1965"
11,"Forza Motorsport","Alpine A110","2017"
12,"Forza Motorsport","Alpine GTA Le Mans","1990"
13,"Forza Motorsport","AMC Javelin AMX","1971"
14,"Forza Motorsport","AMC Rebel The Machine","1970"
15,"Forza Motorsport","Apollo Intensa Emozione","2018"
16,"Forza Motorsport","Ariel Atom 500 V8","2013"
17,"Forza Motorsport","Aston Martin Valkyrie","2023"
18,"Forza Motorsport","Aston Martin Valkyrie AMR Pro","2022"
19,"Forza Motorsport","Aston Martin Valhalla Concept Car","2019"
20,"Forza Motorsport","Aston Martin DBS Superleggera","2019"
21,"Forza Motorsport","Aston Martin Vantage","2019"
22,"Forza Motorsport","Aston Martin #97 AMR Vantage GTE","2018"
23,"Forza Motorsport","Aston Martin Vulcan AMR Pro","2017"
24,"Forza Motorsport","Aston Martin #7 Aston Martin Racing V12 Vantage GT3","2017"
25,"Forza Motorsport","Aston Martin Vanquish Zagato Coupe","2017"
26,"Forza Motorsport","Aston Martin Vulcan","2016"
27,"Forza Motorsport","Aston Martin Vantage GT12","2015"
28,"Forza Motorsport","Aston Martin V12 Vantage S","2013"
29,"Forza Motorsport","Aston Martin DBS","2008"
30,"Forza Motorsport","Aston Martin V12 Vanquish","2001"
31,"Forza Motorsport","Aston Martin V8 Vantage V600","1998"
32,"Forza Motorsport","Aston Martin #18 Aston Martin AMR1","1989"
33,"Forza Motorsport","Aston Martin DBS","1967"
34,"Forza Motorsport","Aston Martin DB5","1964"
35,"Forza Motorsport","Aston Martin DB4 GT Zagato","1960"
36,"Forza Motorsport","Aston Martin DBR1","1958"
37,"Forza Motorsport","Audi RS e-tron GT","2021"
38,"Forza Motorsport","Audi RS 6 Avant","2021"
39,"Forza Motorsport","Audi RS 7 Sportback","2021"
40,"Forza Motorsport","Audi R8 V10 performance","2020"
41,"Forza Motorsport","Audi TT RS Coupe","2020"
42,"Forza Motorsport","Audi RS 3 Sedan","2020"
43,"Forza Motorsport","Audi #44 R8 LMS GT3","2018"
44,"Forza Motorsport","Audi #1 Audi Sport RS 3 LMS","2018"
45,"Forza Motorsport","Audi TT RS","2018"
46,"Forza Motorsport","Audi RS 5 Coupe","2018"
47,"Forza Motorsport","Audi RS 4 Avant","2018"
48,"Forza Motorsport","Audi #17 Rotek Racing TT RS","2016"
49,"Forza Motorsport","Audi R8 V10 plus","2016"
50,"Forza Motorsport","Audi RS 6 Avant","2015"
51,"Forza Motorsport","Audi S1","2015"
52,"Forza Motorsport","Audi #2 Audi Team Joest R18 e-tron quattro","2014"
53,"Forza Motorsport","Audi R8 CoupÃ© V10 plus 5.2 FSI quattro","2013"
54,"Forza Motorsport","Audi RS 7 Sportback","2013"
55,"Forza Motorsport","Audi RS 4 Avant","2013"
56,"Forza Motorsport","Audi RS 3 Sportback","2011"
57,"Forza Motorsport","Audi R8 CoupÃ© 5.2 FSI quattro","2010"
58,"Forza Motorsport","Audi RS 4","2006"
59,"Forza Motorsport","Audi S4","2004"
60,"Forza Motorsport","Audi RS 6","2003"
61,"Forza Motorsport","Audi RS 4 Avant","2001"
62,"Forza Motorsport","Audi Avant RS 2","1995"
63,"Forza Motorsport","Audi #4 Audi 90 quattro IMSA GTO","1989"
64,"Forza Motorsport","Audi Sport quattro","1984"
65,"Forza Motorsport","Austin-Healey 3000 MkIII","1965"
66,"Forza Motorsport","Auto Union Type D","1939"
67,"Forza Motorsport","Automobili Pininfarina Battista","2020"
68,"Forza Motorsport","BAC Mono","2014"
69,"Forza Motorsport","Bentley Continental Supersports","2017"
70,"Forza Motorsport","Bentley #17 M-Sport Bentley Continental GT3","2014"
71,"Forza Motorsport","Bentley #7 Team Bentley Speed 8","2003"
72,"Forza Motorsport","BMW #25 BMW Team RLL M Hybrid V8","2023"
73,"Forza Motorsport","BMW #96 Turner Motorsports M4 GT3","2023"
74,"Forza Motorsport","BMW M2","2023"
75,"Forza Motorsport","BMW M3 Competition Sedan","2021"
76,"Forza Motorsport","BMW M4 Competition CoupÃ©","2021"
77,"Forza Motorsport","BMW M8 Competition CoupÃ©","2020"
78,"Forza Motorsport","BMW M2 Competition CoupÃ©","2020"
79,"Forza Motorsport","BMW Z4 Roadster","2019"
80,"Forza Motorsport","BMW #1 BMW M Motorsport M8 GTE","2018"
81,"Forza Motorsport","BMW M5","2018"
82,"Forza Motorsport","BMW #24 BMW Team RLL M6 GTLM","2017"
83,"Forza Motorsport","BMW M4 GTS","2016"
84,"Forza Motorsport","BMW i8","2015"
85,"Forza Motorsport","BMW M4 CoupÃ©","2014"
86,"Forza Motorsport","BMW M6 CoupÃ©","2013"
87,"Forza Motorsport","BMW M5","2012"
88,"Forza Motorsport","BMW 1 Series M CoupÃ©","2011"
89,"Forza Motorsport","BMW M3 GTS","2010"
90,"Forza Motorsport","BMW M6 CoupÃ©","2010"
91,"Forza Motorsport","BMW M5","2009"
92,"Forza Motorsport","BMW M3","2008"
93,"Forza Motorsport","BMW M3","2005"
94,"Forza Motorsport","BMW M5","2003"
95,"Forza Motorsport","BMW M3-GTR","2002"
96,"Forza Motorsport","BMW Z3 M CoupÃ©","2002"
97,"Forza Motorsport","BMW 323ti Sport","2000"
98,"Forza Motorsport","BMW #16 BMW V12 LMR","1999"
99,"Forza Motorsport","BMW #15 BMW Motorsport V12 LMR","1999"
100,"Forza Motorsport","BMW M3","1997"
101,"Forza Motorsport","BMW 850CSi","1995"
102,"Forza Motorsport","BMW M3","1991"
103,"Forza Motorsport","BMW M5","1988"
104,"Forza Motorsport","BMW M635 CSi","1986"
105,"Forza Motorsport","BMW M1","1981"
106,"Forza Motorsport","BMW #6 BMW Motorsport M1 Procar","1979"
107,"Forza Motorsport","BMW #1 BMW 3.0 CSL","1976"
108,"Forza Motorsport","BMW #25 BMW Motorsport 3.0 CSL","1975"
109,"Forza Motorsport","BMW 2002 Turbo","1973"
110,"Forza Motorsport","Brabham BT62","2019"
111,"Forza Motorsport","Brabham BT24","1967"
112,"Forza Motorsport","Brabham BT8","1964"
113,"Forza Motorsport","BRM #14 Team Motul P201","1974"
114,"Forza Motorsport","Bugatti Divo","2019"
115,"Forza Motorsport","Bugatti Chiron","2018"
116,"Forza Motorsport","Bugatti Veyron Super Sport","2011"
117,"Forza Motorsport","Bugatti EB110 Super Sport","1992"
118,"Forza Motorsport","Bugatti Type 35 C","1926"
119,"Forza Motorsport","Buick Regal GNX","1987"
120,"Forza Motorsport","Buick #6 Performance Motorsports Somerset Regal Trans-Am","1985"
121,"Forza Motorsport","Buick GSX","1970"
122,"Forza Motorsport","Cadillac #31 Whelen Engineering Cadillac Racing V-Series.R","2023"
123,"Forza Motorsport","Cadillac #2 Cadillac Racing V-Series.R","2023"
124,"Forza Motorsport","Cadillac #01 Cadillac Racing V-Series.R","2023"
125,"Forza Motorsport","Cadillac CT5-V Blackwing","2022"
126,"Forza Motorsport","Cadillac CT4-V Blackwing","2022"
127,"Forza Motorsport","Cadillac #31 Whelen Racing DPi-V.R","2021"
128,"Forza Motorsport","Cadillac #57 TA CTS-V","2018"
129,"Forza Motorsport","Cadillac CTS-V Sedan","2016"
130,"Forza Motorsport","Cadillac ATS-V","2016"
131,"Forza Motorsport","Cadillac #3 Cadillac Racing ATS-V.R","2015"
132,"Forza Motorsport","Cadillac CTS-V Sport Wagon","2014"
133,"Forza Motorsport","Caterham Superlight R500","2013"
134,"Forza Motorsport","Chaparral #66 Chaparral Cars 2E","1966"
135,"Forza Motorsport","Chevrolet NASCAR Next Gen Camaro ZL1","2024"
136,"Forza Motorsport","Chevrolet Corvette E-Ray","2024"
137,"Forza Motorsport","Chevrolet Corvette Z06","2023"
138,"Forza Motorsport","Chevrolet #3 Corvette Racing C8.R","2020"
139,"Forza Motorsport","Chevrolet Corvette Stingray Coupe Forza Edition","2020"
140,"Forza Motorsport","Chevrolet Corvette Stingray Coupe","2020"
141,"Forza Motorsport","Chevrolet Corvette ZR1","2019"
142,"Forza Motorsport","Chevrolet #23 Ruman Racing TA Corvette","2018"
143,"Forza Motorsport","Chevrolet Camaro ZL1 1LE Forza Edition","2018"
144,"Forza Motorsport","Chevrolet Camaro ZL1 1LE","2018"
145,"Forza Motorsport","Chevrolet Camaro ZL1","2017"
146,"Forza Motorsport","Chevrolet Camaro Super Sport","2016"
147,"Forza Motorsport","Chevrolet #10 Konica Minolta Corvette Daytona Prototype","2015"
148,"Forza Motorsport","Chevrolet Corvette Z06","2015"
149,"Forza Motorsport","Chevrolet #3 Corvette Racing Corvette C7.R","2014"
150,"Forza Motorsport","Chevrolet #55 Level 5 Motorsports Oreca FLM09","2010"
151,"Forza Motorsport","Chevrolet Corvette ZR1","2009"
152,"Forza Motorsport","Chevrolet Corvette Z06","2002"
153,"Forza Motorsport","Chevrolet Camaro 35th Anniversary Super Sport","2002"
154,"Forza Motorsport","Chevrolet Corvette ZR-1","1995"
155,"Forza Motorsport","Chevrolet Camaro IROC-Z","1990"
156,"Forza Motorsport","Chevrolet Monte Carlo Super Sport","1988"
157,"Forza Motorsport","Chevrolet #77 Beretta Trans Am","1988"
158,"Forza Motorsport","Chevrolet #76 Greenwood Corvette","1976"
159,"Forza Motorsport","Chevrolet Corvette ZR-1","1970"
160,"Forza Motorsport","Chevrolet Chevelle Super Sport 454","1970"
161,"Forza Motorsport","Chevrolet Camaro Z28","1970"
162,"Forza Motorsport","Chevrolet Nova Super Sport 396","1969"
163,"Forza Motorsport","Chevrolet Camaro Jordan Luka 3 Motorsport Edition","1969"
164,"Forza Motorsport","Chevrolet Camaro Super Sport Coupe","1969"
165,"Forza Motorsport","Chevrolet Corvette Stingray 427","1967"
166,"Forza Motorsport","Chevron B16","1964"
167,"Forza Motorsport","Chrysler VH Valiant Charger R/T E49","1972"
168,"Forza Motorsport","CitroÃ«n DS 3 Racing","2011"
169,"Forza Motorsport","Datsun #33 280ZX Turbo","1979"
170,"Forza Motorsport","Datsun 510","1970"
171,"Forza Motorsport","Datsun 2000 Roadster","1969"
172,"Forza Motorsport","De Tomaso Pantera GT5","1984"
173,"Forza Motorsport","Dodge #9 American V8 Road Racing TA Challenger","2019"
174,"Forza Motorsport","Dodge Challenger SRT Demon","2018"
175,"Forza Motorsport","Dodge Viper ACR","2016"
176,"Forza Motorsport","Dodge Charger SRT Hellcat","2015"
177,"Forza Motorsport","Dodge #93 SRT Motorsports Viper GTS-R","2014"
178,"Forza Motorsport","Dodge Dart GT","2013"
179,"Forza Motorsport","Dodge Challenger SRT8","2012"
180,"Forza Motorsport","Dodge Viper SRT10 ACR","2008"
181,"Forza Motorsport","Dodge SRT-4 ACR","2005"
182,"Forza Motorsport","Dodge Viper GTS ACR","1999"
183,"Forza Motorsport","Dodge Stealth R/T Turbo","1996"
184,"Forza Motorsport","Dodge Shelby Omni GLHS","1986"
185,"Forza Motorsport","Dodge Coronet Super Bee","1970"
186,"Forza Motorsport","Dodge Challenger R/T","1970"
187,"Forza Motorsport","Dodge Charger Daytona HEMI","1969"
188,"Forza Motorsport","Dodge Charger R/T","1969"
189,"Forza Motorsport","Donkervoort D8 GTO","2013"
190,"Forza Motorsport","Eagle Talon TSi Turbo","1998"
191,"Forza Motorsport","Eagle-Weslake T1G","1967"
192,"Forza Motorsport","Elemental RP1","2019"
193,"Forza Motorsport","Exomotive Exocet Sport V8 XP-5","2018"
194,"Forza Motorsport","Ferrari 296 GTB","2022"
195,"Forza Motorsport","Ferrari SF90 Stradale","2020"
196,"Forza Motorsport","Ferrari Roma","2020"
197,"Forza Motorsport","Ferrari #62 Risi Competizione 488 GTE","2019"
198,"Forza Motorsport","Ferrari 488 Pista","2019"
199,"Forza Motorsport","Ferrari F8 Tributo","2019"
200,"Forza Motorsport","Ferrari Monza SP2","2019"
201,"Forza Motorsport","Ferrari FXX-K Evo","2018"
202,"Forza Motorsport","Ferrari Portofino","2018"
203,"Forza Motorsport","Ferrari #25 Corse Clienti 488 Challenge","2017"
204,"Forza Motorsport","Ferrari 812 Superfast","2017"
205,"Forza Motorsport","Ferrari J50","2017"
206,"Forza Motorsport","Ferrari F12tdf","2015"
207,"Forza Motorsport","Ferrari 488 GTB","2015"
208,"Forza Motorsport","Ferrari FXX K","2014"
209,"Forza Motorsport","Ferrari California T","2014"
210,"Forza Motorsport","Ferrari LaFerrari","2013"
211,"Forza Motorsport","Ferrari 458 Speciale","2013"
212,"Forza Motorsport","Ferrari 599XX Evolution","2012"
213,"Forza Motorsport","Ferrari #62 Risi Competizione F458 Italia GTC","2011"
214,"Forza Motorsport","Ferrari 599XX","2010"
215,"Forza Motorsport","Ferrari 458 Italia","2009"
216,"Forza Motorsport","Ferrari 430 Scuderia","2007"
217,"Forza Motorsport","Ferrari 360 Challenge Stradale","2003"
218,"Forza Motorsport","Ferrari Enzo Ferrari","2002"
219,"Forza Motorsport","Ferrari 575M Maranello","2002"
220,"Forza Motorsport","Ferrari #12 Risi Competizione F333 SP","1998"
221,"Forza Motorsport","Ferrari F50 GT","1996"
222,"Forza Motorsport","Ferrari F50","1995"
223,"Forza Motorsport","Ferrari F355 Berlinetta","1994"
224,"Forza Motorsport","Ferrari 512 TR","1992"
225,"Forza Motorsport","Ferrari #1 Scuderia Ferrari 641","1990"
226,"Forza Motorsport","Ferrari F40 Competizione","1989"
227,"Forza Motorsport","Ferrari F40","1987"
228,"Forza Motorsport","Ferrari 288 GTO","1984"
229,"Forza Motorsport","Ferrari #72 N.A.R.T. 512 BB/LM","1982"
230,"Forza Motorsport","Ferrari #1 Scuderia Ferrari 312 T2","1976"
231,"Forza Motorsport","Ferrari 512 S","1970"
232,"Forza Motorsport","Ferrari Dino 246 GT","1969"
233,"Forza Motorsport","Ferrari #24 Ferrari Spa 330 P4","1967"
234,"Forza Motorsport","Ferrari F-158","1964"
235,"Forza Motorsport","Ferrari 250LM","1963"
236,"Forza Motorsport","Ferrari 250 GTO","1962"
237,"Forza Motorsport","Ferrari 250 GT Berlinetta Lusso","1962"
238,"Forza Motorsport","Ferrari 250 Testa Rossa","1957"
239,"Forza Motorsport","Ferrari 500 Mondial","1953"
240,"Forza Motorsport","Ferrari 166 Inter Sport","1948"
241,"Forza Motorsport","Ford NASCAR Next Gen Mustang Dark Horse","2024"
242,"Forza Motorsport","Ford #25 Mustang RTR","2024"
243,"Forza Motorsport","Ford #88 Mustang RTR","2024"
244,"Forza Motorsport","Ford #124 Mustang RTR","2024"
245,"Forza Motorsport","Ford Mustang Dark Horse","2024"
246,"Forza Motorsport","Ford Mustang GT","2024"
247,"Forza Motorsport","Ford Mustang GT3","2024"
248,"Forza Motorsport","Ford Mustang Shelby GT500","2020"
249,"Forza Motorsport","Ford #98 Breathless Pro Racing TA Mustang","2018"
250,"Forza Motorsport","Ford Mustang GT","2018"
251,"Forza Motorsport","Ford GT","2017"
252,"Forza Motorsport","Ford #17 Shell V-Power Racing Team Falcon FG X","2017"
253,"Forza Motorsport","Ford Focus RS","2017"
254,"Forza Motorsport","Ford #66 Ford Racing GT Le Mans","2016"
255,"Forza Motorsport","Ford Shelby GT-350R","2016"
256,"Forza Motorsport","Ford #02 Chip Ganassi Racing Riley Mk XXVI Daytona Prototype","2015"
257,"Forza Motorsport","Ford Falcon GT F 351","2015"
258,"Forza Motorsport","Ford FPV Limited Edition Pursuit Ute","2014"
259,"Forza Motorsport","Ford #17 AMD Tuning Focus ST BTCC","2014"
260,"Forza Motorsport","Ford Shelby GT500","2013"
261,"Forza Motorsport","Ford Focus RS","2009"
262,"Forza Motorsport","Ford Ford GT","2005"
263,"Forza Motorsport","Ford Focus RS","2003"
264,"Forza Motorsport","Ford SVT Cobra R","2000"
265,"Forza Motorsport","Ford Racing Puma","1999"
266,"Forza Motorsport","Ford Mustang SVT Cobra R","1995"
267,"Forza Motorsport","Ford SVT Cobra R","1993"
268,"Forza Motorsport","Ford Escort RS Cosworth","1992"
269,"Forza Motorsport","Ford Falcon GT","1992"
270,"Forza Motorsport","Ford #15 Roush Racing Whistler Mustang","1991"
271,"Forza Motorsport","Ford Sierra Cosworth RS500","1987"
272,"Forza Motorsport","Ford Mustang SVO","1986"
273,"Forza Motorsport","Ford Escort RS Turbo","1986"
274,"Forza Motorsport","Ford #6 Zakspeed Roush Mustang IMSA GT","1982"
275,"Forza Motorsport","Ford #2 Zakspeed Racing Capri Turbo","1981"
276,"Forza Motorsport","Ford Fiesta XR2","1981"
277,"Forza Motorsport","Ford Escort RS1800","1977"
278,"Forza Motorsport","Ford XB Falcon GT","1973"
279,"Forza Motorsport","Ford Escort RS1600","1973"
280,"Forza Motorsport","Ford Falcon XA GT-HO","1972"
281,"Forza Motorsport","Ford #15 Mustang Boss 302 Trans Am","1970"
282,"Forza Motorsport","Ford Mustang Boss 302","1969"
283,"Forza Motorsport","Ford Mustang GT 2+2 Fastback","1968"
284,"Forza Motorsport","Ford #2 GT40 MkII Le Mans","1966"
285,"Forza Motorsport","Ford Lotus Cortina","1966"
286,"Forza Motorsport","Ford Mustang GT Coupe","1965"
287,"Forza Motorsport","Ford GT40 Mk I","1964"
288,"Forza Motorsport","Formula Drift #91 BMW M2","2020"
289,"Forza Motorsport","Formula Drift #151 Toyota GR Supra","2020"
290,"Forza Motorsport","Formula Drift #530 HSV Maloo Gen-F","2016"
291,"Forza Motorsport","Formula Drift #13 Ford Mustang","2015"
292,"Forza Motorsport","Formula Drift #43 Dodge Viper SRT10","2006"
293,"Forza Motorsport","Formula Drift #215 Nissan Silvia Spec-R","2001"
294,"Forza Motorsport","Formula Drift #34 Toyota Supra MxIV","1995"
295,"Forza Motorsport","Formula Drift #777 Nissan 240SX","1997"
296,"Forza Motorsport","Forsberg Racing Nissan âGold Leaderâ Datsun 280Z","1975"
297,"Forza Motorsport","Ginetta #6 Team LNT Ginetta G60-LT-P1","2019"
298,"Forza Motorsport","Ginetta G55 GT4","2019"
299,"Forza Motorsport","Ginetta G40 Junior","2019"
300,"Forza Motorsport","Gordon Murray Automotive T.50","2022"
301,"Forza Motorsport","Hennessey Camaro Exorcist","2019"
302,"Forza Motorsport","HDT VK Commodore Group A","1985"
303,"Forza Motorsport","Holden #22 Walkinshaw Performance VF Commodore","2017"
304,"Forza Motorsport","Holden #10 Holden Xbox Racing Team Commodore VF","2013"
305,"Forza Motorsport","Holden HSV Commodore Group A SV","1991"
306,"Forza Motorsport","Holden VL Commodore Group A SV","1988"
307,"Forza Motorsport","Holden Torana A9X","1977"
308,"Forza Motorsport","Holden HQ Monaro GTS 350","1973"
309,"Forza Motorsport","Holden Monaro GTS 327","1968"
310,"Forza Motorsport","Honda #73 LA Honda World Racing Civic","2020"
311,"Forza Motorsport","Honda Civic Type R","2018"
312,"Forza Motorsport","Honda S2000 CR","2009"
313,"Forza Motorsport","Honda NSX-R","2005"
314,"Forza Motorsport","Honda Civic Type R","2004"
315,"Forza Motorsport","Honda Prelude Type SH","2000"
316,"Forza Motorsport","Honda Civic Type R","1997"
317,"Forza Motorsport","Honda NSX-R","1992"
318,"Forza Motorsport","Honda CR-X SiR","1991"
319,"Forza Motorsport","Honda S800","1970"
320,"Forza Motorsport","Honda RA300","1967"
321,"Forza Motorsport","HSV Limited Edition Gen-F GTS Maloo","2014"
322,"Forza Motorsport","HSV GEN-F GTS","2014"
323,"Forza Motorsport","HSV GTS","2011"
324,"Forza Motorsport","HSV GTSR","1996"
325,"Forza Motorsport","Hyundai IONIQ 5 N","2023"
326,"Forza Motorsport","Hyundai Elantra N","2022"
327,"Forza Motorsport","Hyundai #98 Bryan Herta Autosport Elantra N","2021"
328,"Forza Motorsport","Hyundai i20 N","2021"
329,"Forza Motorsport","Hyundai i30 N","2020"
330,"Forza Motorsport","Hyundai #98 Bryan Herta Autosport Veloster N","2020"
331,"Forza Motorsport","Hyundai Veloster N Forza Edition","2019"
332,"Forza Motorsport","Hyundai Veloster N","2019"
333,"Forza Motorsport","Infiniti Q50 Eau Rouge","2014"
334,"Forza Motorsport","Infiniti IPL G Coupe","2012"
335,"Forza Motorsport","Infiniti G35 Coupe","2003"
336,"Forza Motorsport","Jaguar F-TYPE R CoupÃ©","2015"
337,"Forza Motorsport","Jaguar XKR-S GT","2015"
338,"Forza Motorsport","Jaguar XFR-S","2015"
339,"Forza Motorsport","Jaguar XJ220S TWR","1993"
340,"Forza Motorsport","Jaguar XJ220","1993"
341,"Forza Motorsport","Jaguar Sport XJR-15","1991"
342,"Forza Motorsport","Jaguar #1 Jaguar Racing XJR-9","1988"
343,"Forza Motorsport","Jaguar #44 Group 44 XJR-5","1983"
344,"Forza Motorsport","Jaguar E-type","1961"
345,"Forza Motorsport","Jaguar Mk II 3.8","1959"
346,"Forza Motorsport","Jaguar D-Type","1956"
347,"Forza Motorsport","Koenigsegg Jesko","2020"
348,"Forza Motorsport","Koenigsegg Agera RS","2017"
349,"Forza Motorsport","Koenigsegg One:1","2015"
350,"Forza Motorsport","KTM X-Bow GT2","2020"
351,"Forza Motorsport","KTM X-Bow GT4","2018"
352,"Forza Motorsport","KTM X-Bow R","2013"
353,"Forza Motorsport","Lamborghini SC63","2024"
354,"Forza Motorsport","Lamborghini Revuelto","2024"
355,"Forza Motorsport","Lamborghini HuracÃ¡n EVO Spyder","2022"
356,"Forza Motorsport","Lamborghini Countach LPI 800-4","2021"
357,"Forza Motorsport","Lamborghini Essenza SCV12","2020"
358,"Forza Motorsport","Lamborghini HuracÃ¡n STO","2020"
359,"Forza Motorsport","Lamborghini HuracÃ¡n EVO","2020"
360,"Forza Motorsport","Lamborghini SiÃ¡n FKP 37","2019"
361,"Forza Motorsport","Lamborghini #63 Squadra Corse HuracÃ¡n Super Trofeo Evo","2018"
362,"Forza Motorsport","Lamborghini Aventador SVJ","2018"
363,"Forza Motorsport","Lamborghini HuracÃ¡n Performante","2018"
364,"Forza Motorsport","Lamborghini Centenario LP 770-4","2016"
365,"Forza Motorsport","Lamborghini Aventador Superveloce","2016"
366,"Forza Motorsport","Lamborghini #63 Squadra Corse Huracan LP620-2 Super Trofeo","2015"
367,"Forza Motorsport","Lamborghini HuracÃ¡n LP 610-4","2014"
368,"Forza Motorsport","Lamborghini Veneno","2013"
369,"Forza Motorsport","Lamborghini Aventador J","2012"
370,"Forza Motorsport","Lamborghini Sesto Elemento","2011"
371,"Forza Motorsport","Lamborghini Gallardo LP 570-4 Superleggera","2011"
372,"Forza Motorsport","Lamborghini MurciÃ©lago LP 670-4 SV","2010"
373,"Forza Motorsport","Lamborghini RevÃ©nton","2008"
374,"Forza Motorsport","Lamborghini Diablo GTR","1999"
375,"Forza Motorsport","Lamborghini Diablo SV","1997"
376,"Forza Motorsport","Lamborghini Countach LP5000 QV","1988"
377,"Forza Motorsport","Lamborghini Espada 400 GT","1973"
378,"Forza Motorsport","Lamborghini Jarama S","1972"
379,"Forza Motorsport","Lamborghini Miura P400","1967"
380,"Forza Motorsport","Lancia Delta HF Integrale EVO","1992"
381,"Forza Motorsport","Lexus LC 500","2021"
382,"Forza Motorsport","Lexus #14 VASSER SULLIVAN RC F GT3","2020"
383,"Forza Motorsport","Lexus RC F Track Edition","2020"
384,"Forza Motorsport","Lexus RC F","2015"
385,"Forza Motorsport","Lexus IS 350 F Sport","2014"
386,"Forza Motorsport","Lexus GS350 F Sport","2013"
387,"Forza Motorsport","Lexus LFA","2010"
388,"Forza Motorsport","Ligier #11 Euro International JS P3","2016"
389,"Forza Motorsport","Lola #10 Simoniz Special T163","1969"
390,"Forza Motorsport","Lola #6 Sunoco T70 MkIIIB","1969"
391,"Forza Motorsport","Lotus Emira","2023"
392,"Forza Motorsport","Lotus Evija","2020"
393,"Forza Motorsport","Lotus Evora GT430","2018"
394,"Forza Motorsport","Lotus 3-Eleven","2016"
395,"Forza Motorsport","Lotus Evora S","2011"
396,"Forza Motorsport","Lotus Esprit V8","2002"
397,"Forza Motorsport","Lotus #12 Team Lotus 98T","1986"
398,"Forza Motorsport","Lotus #5 Team Lotus 77","1976"
399,"Forza Motorsport","Lotus Elan Sprint","1971"
400,"Forza Motorsport","Lotus Type 49","1967"
401,"Forza Motorsport","Lotus #1 Team Lotus Type 40","1965"
402,"Forza Motorsport","Lotus Team Lotus type 35","1965"
403,"Forza Motorsport","Lynk & Co 03+","2021"
404,"Forza Motorsport","Lynk & Co #62 Cyan Racing 03","2020"
405,"Forza Motorsport","Maserati Ghibli S Q4","2014"
406,"Forza Motorsport","Maserati MC12","2004"
407,"Forza Motorsport","Maserati Ghibli Cup","1997"
408,"Forza Motorsport","Maserati Tipo 61 Birdcage","1961"
409,"Forza Motorsport","Maserati 300 S","1957"
410,"Forza Motorsport","Maserati A6GCS/53 PininFarina Berlinetta","1953"
411,"Forza Motorsport","Maserati 8CTF","1939"
412,"Forza Motorsport","Matra-Simca #146 Equipe Matra-Simca MS650 Tour de France","1970"
413,"Forza Motorsport","Mazda MX-5 Miata RF","2022"
414,"Forza Motorsport","Mazda MX-5 Cup","2017"
415,"Forza Motorsport","Mazda MX-5","2016"
416,"Forza Motorsport","Mazda Formula Mazda","2015"
417,"Forza Motorsport","Mazda #70 SpeedSource Lola B12/80","2014"
418,"Forza Motorsport","Mazda MX-5","2013"
419,"Forza Motorsport","Mazda RX-8 R3","2011"
420,"Forza Motorsport","Mazda #16 Mazda Racing B09/86","2010"
421,"Forza Motorsport","Mazda Furai","2008"
422,"Forza Motorsport","Mazda RX-7 Spirit R Type-A","2002"
423,"Forza Motorsport","Mazda RX-7","1997"
424,"Forza Motorsport","Mazda MX-5 Miata","1994"
425,"Forza Motorsport","Mazda 323 GT-R","1992"
426,"Forza Motorsport","Mazda #55 Mazda 787B","1991"
427,"Forza Motorsport","Mazda #62 RX-7","1991"
428,"Forza Motorsport","Mazda Savanna RX-7","1990"
429,"Forza Motorsport","Mazda MX-5 Miata","1990"
430,"Forza Motorsport","Mazda RX-7 GSL-SE","1985"
431,"Forza Motorsport","Mazda RX-3","1973"
432,"Forza Motorsport","Mazda Cosmo 110S Series II","1972"
433,"Forza Motorsport","McLaren Artura","2023"
434,"Forza Motorsport","McLaren 765LT Coupe","2021"
435,"Forza Motorsport","McLaren Sabre","2021"
436,"Forza Motorsport","McLaren 620R","2021"
437,"Forza Motorsport","McLaren GT","2020"
438,"Forza Motorsport","McLaren Senna GTR","2019"
439,"Forza Motorsport","McLaren #03 720S GT3","2019"
440,"Forza Motorsport","McLaren 720S Spider","2019"
441,"Forza Motorsport","McLaren Senna","2018"
442,"Forza Motorsport","McLaren 720S Coupe","2018"
443,"Forza Motorsport","McLaren 600LT CoupÃ©","2018"
444,"Forza Motorsport","McLaren P1 GTR","2015"
445,"Forza Motorsport","McLaren 650S Coupe","2015"
446,"Forza Motorsport","McLaren P1","2013"
447,"Forza Motorsport","McLaren F1 GT","1997"
448,"Forza Motorsport","McLaren F1","1993"
449,"Forza Motorsport","McLaren #12 Honda McLaren MP4/4","1988"
450,"Forza Motorsport","McLaren #11 Team McLaren M23","1976"
451,"Forza Motorsport","McLaren #4 McLaren Cars M8B","1969"
452,"Forza Motorsport","McLaren #4 Bruce McLaren Motor Racing M1B","1966"
453,"Forza Motorsport","McLaren M2B","1966"
454,"Forza Motorsport","Mercedes-AMG Mercedes-AMG ONE","2021"
455,"Forza Motorsport","Mercedes-AMG GT Black Series","2020"
456,"Forza Motorsport","Mercedes-AMG GT3","2018"
457,"Forza Motorsport","Mercedes-AMG GT 4-Door CoupÃ©","2018"
458,"Forza Motorsport","Mercedes-AMG E 63 S","2018"
459,"Forza Motorsport","Mercedes-AMG GT R","2017"
460,"Forza Motorsport","Mercedes-AMG C 63 S CoupÃ© Forza Edition","2016"
461,"Forza Motorsport","Mercedes-AMG C 63 S CoupÃ©","2016"
462,"Forza Motorsport","Mercedes-Benz #33 Mac Tools Ciceley Motorsports A-Class (A45)","2017"
463,"Forza Motorsport","Mercedes-Benz A 45 AMG","2013"
464,"Forza Motorsport","Mercedes-Benz C 63 AMG CoupÃ© Black Series","2012"
465,"Forza Motorsport","Mercedes-Benz SLK 55 AMG","2012"
466,"Forza Motorsport","Mercedes-Benz SLS AMG","2011"
467,"Forza Motorsport","Mercedes-Benz SL 65 AMG Black Series","2009"
468,"Forza Motorsport","Mercedes-Benz C 32 AMG","2004"
469,"Forza Motorsport","Mercedes-Benz AMG CLK GTR","1998"
470,"Forza Motorsport","Mercedes-Benz 190E 2.5-16 Evolution II","1990"
471,"Forza Motorsport","Mercedes-Benz #63 Sauber-Mercedes C 9","1989"
472,"Forza Motorsport","Mercedes-Benz 300 SLR","1955"
473,"Forza Motorsport","Mercedes-Benz 300 SL CoupÃ©","1954"
474,"Forza Motorsport","Mercedes-Benz W154","1939"
475,"Forza Motorsport","Mercury #15 Whistler Radar Cougar XR-7","1990"
476,"Forza Motorsport","Mercury Cougar Eliminator","1970"
477,"Forza Motorsport","Merkur #11 MAC Tools XR4Ti","1986"
478,"Forza Motorsport","MG MG6 XPower","2021"
479,"Forza Motorsport","MG #20 MG6 XPower","2020"
480,"Forza Motorsport","MG MGB GT","1966"
481,"Forza Motorsport","MG MGA Twin-Cam","1958"
482,"Forza Motorsport","MINI John Cooper Works GP","2021"
483,"Forza Motorsport","MINI John Cooper Works GP","2012"
484,"Forza Motorsport","MINI Cooper S","1965"
485,"Forza Motorsport","Mitsubishi Lancer Evolution X GSR","2008"
486,"Forza Motorsport","Mitsubishi Lancer Evolution IX MR","2006"
487,"Forza Motorsport","Mitsubishi #1 Sierra Sierra Enterprises Lancer Evolution Time Attack","2005"
488,"Forza Motorsport","Mitsubishi Lancer Evolution VIII MR","2004"
489,"Forza Motorsport","Mitsubishi Lancer Evolution VI GSR","1999"
490,"Forza Motorsport","Mitsubishi FTO GP Version R","1998"
491,"Forza Motorsport","Mitsubishi GTO","1997"
492,"Forza Motorsport","Mitsubishi Lancer Evolution III GSR","1995"
493,"Forza Motorsport","Mitsubishi Eclipse GSX","1995"
494,"Forza Motorsport","Mitsubishi Galant VR-4","1992"
495,"Forza Motorsport","NIO EP9","2016"
496,"Forza Motorsport","Nissan Z NISMO","2024"
497,"Forza Motorsport","Nissan Z","2023"
498,"Forza Motorsport","Nissan GT-R NISMO (R35)","2020"
499,"Forza Motorsport","Nissan 370Z Nismo","2019"
500,"Forza Motorsport","Nissan Sentra NISMO","2018"
501,"Forza Motorsport","Nissan Altima Racecar","2017"
502,"Forza Motorsport","Nissan GT-R (R35)","2017"
503,"Forza Motorsport","Nissan #23 GT-R LM NISMO","2015"
504,"Forza Motorsport","Nissan Fairlady Z","2003"
505,"Forza Motorsport","Nissan Skyline GT-R V-Spec II","2002"
506,"Forza Motorsport","Nissan Silvia Spec-R","2000"
507,"Forza Motorsport","Nissan #23 NISMO Clarion R391","1999"
508,"Forza Motorsport","Nissan R390 (GT1)","1998"
509,"Forza Motorsport","Nissan Silvia K's Aero","1998"
510,"Forza Motorsport","Nissan #23 Pennzoil NISMO Skyline GT-R","1998"
511,"Forza Motorsport","Nissan Skyline GT-R V-Spec","1997"
512,"Forza Motorsport","Nissan Fairlady Z Version S Twin Turbo","1994"
513,"Forza Motorsport","Nissan Silvia K's","1994"
514,"Forza Motorsport","Nissan Skyline GT-R V-Spec","1993"
515,"Forza Motorsport","Nissan 240SX SE","1993"
516,"Forza Motorsport","Nissan Silvia CLUB K's","1992"
517,"Forza Motorsport","Nissan #23 Nissan R91CP","1991"
518,"Forza Motorsport","Nissan Pulsar GTi-R","1990"
519,"Forza Motorsport","Nissan #24 Nissan Motorsports International R88C","1988"
520,"Forza Motorsport","Nissan #33 Bob Sharp Racing 300ZX","1988"
521,"Forza Motorsport","Nissan Skyline GTS-R (HR31)","1987"
522,"Forza Motorsport","Nissan #83 GTP ZX-Turbo","1985"
523,"Forza Motorsport","Nissan #20 Bluebird Super Silhouette","1984"
524,"Forza Motorsport","Nissan #11 Tomica Skyline Turbo Super Silhouette","1984"
525,"Forza Motorsport","Nissan #23 Nissan Motorsports Silvia Super Silhouette","1983"
526,"Forza Motorsport","Nissan Skyline H/T 2000GT-R","1973"
527,"Forza Motorsport","Nissan Skyline 2000GT-R","1971"
528,"Forza Motorsport","Nissan #21 Nissan Racing R382","1969"
529,"Forza Motorsport","Nissan Fairlady Z 432","1969"
530,"Forza Motorsport","Nissan R380 II","1967"
531,"Forza Motorsport","Oldsmobile #75 Cutlass Supreme Trans Am","1990"
532,"Forza Motorsport","Oldsmobile Hurst/Olds 442","1969"
533,"Forza Motorsport","Opel Kadett C GT/E","1979"
534,"Forza Motorsport","Oreca #38 Performance Tech Motorsports Oreca 07","2020"
535,"Forza Motorsport","Oreca #38 Jackie Chan DC Racing Oreca 07","2017"
536,"Forza Motorsport","Pagani Huayra R","2022"
537,"Forza Motorsport","Pagani Huayra BC","2016"
538,"Forza Motorsport","Pagani Zonda Cinque Roadster","2009"
539,"Forza Motorsport","Peugeot #7 DG Sport CompÃ©tition 308","2018"
540,"Forza Motorsport","Peugeot 308 GTI","2011"
541,"Forza Motorsport","Peugeot #3 Peugeot Talbot Sport 905 EVO 1C","1993"
542,"Forza Motorsport","Peugeot 205 Turbo 16","1984"
543,"Forza Motorsport","Plymouth Cuda 426 HEMI","1971"
544,"Forza Motorsport","Plymouth GTX 426 HEMI","1971"
545,"Forza Motorsport","Pontiac Firebird Trans Am Ram Air","2002"
546,"Forza Motorsport","Pontiac Firebird Trans Am GTA","1987"
547,"Forza Motorsport","Pontiac Firebird Trans Am SD-455","1973"
548,"Forza Motorsport","Pontiac GTO Judge","1969"
549,"Forza Motorsport","Pontiac Firebird Trans Am","1969"
550,"Forza Motorsport","Porsche #5 Porsche Penske Motorsport 963","2024"
551,"Forza Motorsport","Porsche 911 Turbo S","2023"
552,"Forza Motorsport","Porsche 911 GT3 R","2023"
553,"Forza Motorsport","Porsche 911 GT3 RS","2023"
554,"Forza Motorsport","Porsche 718 Cayman GT4 RS","2022"
555,"Forza Motorsport","Porsche Mission R","2021"
556,"Forza Motorsport","Porsche 911 GT3","2021"
557,"Forza Motorsport","Porsche Taycan Turbo S","2020"
558,"Forza Motorsport","Porsche #70 Porsche Motorsport 935","2019"
559,"Forza Motorsport","Porsche 911 GT3 RS","2019"
560,"Forza Motorsport","Porsche 911 Speedster","2019"
561,"Forza Motorsport","Porsche 911 Carrera S","2019"
562,"Forza Motorsport","Porsche 911 GT2 RS Forza Edition","2018"
563,"Forza Motorsport","Porsche 911 GT2 RS","2018"
564,"Forza Motorsport","Porsche #73 Park Place Motorsports 911 GT3 R","2018"
565,"Forza Motorsport","Porsche 718 Cayman GTS","2018"
566,"Forza Motorsport","Porsche #2 Porsche Team 919 Hybrid","2017"
567,"Forza Motorsport","Porsche #92 Porsche GT Team 911 RSR","2017"
568,"Forza Motorsport","Porsche Panamera Turbo","2017"
569,"Forza Motorsport","Porsche Cayman GT4","2016"
570,"Forza Motorsport","Porsche 911 GT3 RS","2016"
571,"Forza Motorsport","Porsche #91 Porsche Team Manthey 991 RSR","2015"
572,"Forza Motorsport","Porsche Cayman GTS","2015"
573,"Forza Motorsport","Porsche 918 Spyder","2014"
574,"Forza Motorsport","Porsche 911 Turbo S","2014"
575,"Forza Motorsport","Porsche 911 GT2 RS","2012"
576,"Forza Motorsport","Porsche 911 GT3","2007"
577,"Forza Motorsport","Porsche 911 GT3","2004"
578,"Forza Motorsport","Porsche Carrera GT","2003"
579,"Forza Motorsport","Porsche 911 GT1 Strassenversion","1997"
580,"Forza Motorsport","Porsche 911 GT2","1995"
581,"Forza Motorsport","Porsche 911 Turbo S Leichtbau","1993"
582,"Forza Motorsport","Porsche 968 Turbo S","1993"
583,"Forza Motorsport","Porsche 928 GTS","1993"
584,"Forza Motorsport","Porsche 944 Turbo","1989"
585,"Forza Motorsport","Porsche #203 Porsche AG 961","1987"
586,"Forza Motorsport","Porsche #17 Porsche AG 962c","1987"
587,"Forza Motorsport","Porsche 959","1987"
588,"Forza Motorsport","Porsche #11 John Fitzpatrick Racing 956","1983"
589,"Forza Motorsport","Porsche 911 Turbo 3.3","1982"
590,"Forza Motorsport","Porsche #1 Porsche System Engineering 924 GTP Le Mans","1981"
591,"Forza Motorsport","Porsche 924 Carrera GTS","1980"
592,"Forza Motorsport","Porsche #78 MOMO 935/78","1978"
593,"Forza Motorsport","Porsche #43 Porsche Racing 935/78","1978"
594,"Forza Motorsport","Porsche #1 911 RSR","1974"
595,"Forza Motorsport","Porsche 911 Carrera RS","1973"
596,"Forza Motorsport","Porsche #23 917/20","1971"
597,"Forza Motorsport","Porsche #3 917 LH","1970"
598,"Forza Motorsport","Porsche 914/6","1970"
599,"Forza Motorsport","Porsche 718 RS 60","1960"
600,"Forza Motorsport","Porsche 356A Speedster","1957"
601,"Forza Motorsport","Porsche 550 Spyder","1955"
602,"Forza Motorsport","Radical RXC Turbo","2015"
603,"Forza Motorsport","RAESR Tachyon Speed","2019"
604,"Forza Motorsport","Renault Megane R.S.","2018"
605,"Forza Motorsport","Renault Clio R.S. 16 Concept","2016"
606,"Forza Motorsport","Renault MÃ©gane R26.R","2008"
607,"Forza Motorsport","Renault Sport Clio V6","2003"
608,"Forza Motorsport","Renault Clio Williams","1993"
609,"Forza Motorsport","Renault 5 Turbo","1980"
610,"Forza Motorsport","Renault #15 Equipe Renault Elf R.S. 01","1977"
611,"Forza Motorsport","Renault 8 Gordini","1967"
612,"Forza Motorsport","Rimac Nevera","2021"
613,"Forza Motorsport","Rimac Concept Two","2019"
614,"Forza Motorsport","Saleen S302 Black Label","2018"
615,"Forza Motorsport","Saleen S1","2018"
616,"Forza Motorsport","Saleen S7 LM","2017"
617,"Forza Motorsport","Saleen S7","2004"
618,"Forza Motorsport","Shelby GT 500","1967"
619,"Forza Motorsport","Shelby Cobra Daytona Coupe","1965"
620,"Forza Motorsport","Shelby Cobra 427 S/C","1965"
621,"Forza Motorsport","Shelby Monaco King Cobra","1963"
622,"Forza Motorsport","Spania GTA GTA Spano","2016"
623,"Forza Motorsport","SRT Viper GTS","2013"
624,"Forza Motorsport","SUBARU BRZ","2022"
625,"Forza Motorsport","SUBARU STI S209 Forza Edition","2019"
626,"Forza Motorsport","SUBARU STI S209","2019"
627,"Forza Motorsport","SUBARU #1 Adrian Flux SUBARU Racing Levorg GT","2018"
628,"Forza Motorsport","SUBARU WRX STI","2015"
629,"Forza Motorsport","SUBARU BRZ","2013"
630,"Forza Motorsport","SUBARU WRX STI","2011"
631,"Forza Motorsport","SUBARU IMPREZA WRX STI","2008"
632,"Forza Motorsport","SUBARU IMPREZA WRX STi","2005"
633,"Forza Motorsport","SUBARU IMPREZA WRX STI","2004"
634,"Forza Motorsport","SUBARU Impreza 22B-STi Version","1998"
635,"Forza Motorsport","SUBARU LEGACY RS","1990"
636,"Forza Motorsport","Toyota NASCAR Next Gen Camry XSE","2024"
637,"Forza Motorsport","Toyota Camry TRD","2023"
638,"Forza Motorsport","Toyota GR86","2022"
639,"Forza Motorsport","Toyota GR Yaris","2021"
640,"Forza Motorsport","Toyota GR Supra","2020"
641,"Forza Motorsport","Toyota 86 TRD SE","2019"
642,"Forza Motorsport","Toyota #8 Toyota Racing TS040 HYBRID","2014"
643,"Forza Motorsport","Toyota Celica Sport Specialty II","2003"
644,"Forza Motorsport","Toyota #3 Toyota Motorsports GT-ONE TS020","1999"
645,"Forza Motorsport","Toyota Supra RZ","1998"
646,"Forza Motorsport","Toyota Mark II Tourer V JZX100","1997"
647,"Forza Motorsport","Toyota MR2 GT","1995"
648,"Forza Motorsport","Toyota Celica GT-Four ST205","1994"
649,"Forza Motorsport","Toyota #99 All American Racers Toyota Eagle MkIII","1992"
650,"Forza Motorsport","Toyota Celica GT-Four RC ST185","1992"
651,"Forza Motorsport","Toyota Supra 2.0 GT","1992"
652,"Forza Motorsport","Toyota MR2 SC","1989"
653,"Forza Motorsport","Toyota Sprinter Trueno GT Apex","1985"
654,"Forza Motorsport","Toyota #25 Horsepower Techs Starlet Time Attack","1984"
655,"Forza Motorsport","Toyota Celica GT","1974"
656,"Forza Motorsport","Toyota Corolla SR5","1974"
657,"Forza Motorsport","Toyota 2000GT","1969"
658,"Forza Motorsport","TVR Griffith","2018"
659,"Forza Motorsport","Ultima Evolution Coupe 1020","2015"
660,"Forza Motorsport","Vauxhall #66 Power Maxed TAG Racing Astra","2017"
661,"Forza Motorsport","Vauxhall Corsa VXR","2016"
662,"Forza Motorsport","Vauxhall Astra VXR","2012"
663,"Forza Motorsport","Vauxhall Astra VXR","2006"
664,"Forza Motorsport","Vauxhall Lotus Carlton","1990"
665,"Forza Motorsport","Volkswagen Golf R","2022"
666,"Forza Motorsport","Volkswagen Golf R","2021"
667,"Forza Motorsport","Volkswagen #22 Experion Racing Golf GTI","2018"
668,"Forza Motorsport","Volkswagen Golf R","2014"
669,"Forza Motorsport","Volkswagen Golf R32","2003"
670,"Forza Motorsport","Volkswagen Gti VR6 Mk3","1998"
671,"Forza Motorsport","Volkswagen Corrado VR6","1995"
672,"Forza Motorsport","Volkswagen Golf Gti 16v Mk2","1992"
673,"Forza Motorsport","Volkswagen Scirocco 16v","1988"
674,"Forza Motorsport","Volkswagen Golf GTI","1983"
675,"Forza Motorsport","Volkswagen Scirocco S","1981"
676,"Forza Motorsport","Volvo 850 R","1997"
677,"Forza Motorsport","VUHL 05RR","2017"
678,"Forza Motorsport","Xpeng P7","2020"
679,"Forza Motorsport","Zenvo TSR-S","2019"
